<?xml version="1.0" encoding="utf-8"?>
<TopologyInfo xmlns:xsd="http://www.w3.org/2001/XMLSchema" xmlns:xsi="http://www.w3.org/2001/XMLSchema-instance">
  <Details Name="1 - My App - Standalone" Alias="1 - My App - Standalone" Driver="Python Setup &amp; Teardown" SetupDuration="10" TeardownDuration="10" Public="true" ImageName="1 - My App - Standalone.png" DefaultDuration="120">
    <Description>A pre-production standalone deployment of My App on public cloud infrastructure</Description>
    <Instructions>&lt;iframe src="/Instructions/standalone" style="border:0px #FFFFFF none;" name="myiFrame" scrolling="yes" frameborder="1" marginheight="0px" marginwidth="0px" height="100%" width="100%"&gt;&lt;/iframe&gt;</Instructions>
    <Categories />
    <Scripts>
      <Script Name="Default Sandbox Setup 2.0" />
      <Script Name="Default Sandbox Teardown 2.0" />
    </Scripts>
    <Diagram Zoom="1" NodeSize="Medium" />
  </Details>
  <Apps>
    <App PositionX="837.14285714285711" PositionY="214.28571428571428" TemplateName="My App Standalone">
      <AppResourceInfo Name="My App Standalone" ImagePath="1 - My App - Standalone_My App Standalone.png">
        <Description>A standalone version of our example application, a PHP based eCommerce platform installed on a LAMP stack (Linux, Apache, MySQL, PHP)</Description>
        <AppResources>
          <AppResource ModelName="My App Standalone" Driver="">
            <Attributes>
              <Attribute Name="Execution Server Selector" Value="Commands" />
              <Attribute Name="Management_Port" Value="8000/admin" />
              <Attribute Name="Password" Value="3M3u7nkDzxWb0aJ/IZYeWw==" />
              <Attribute Name="Public IP" Value="" />
              <Attribute Name="SSH_Port" Value="22" />
              <Attribute Name="User" Value="ubuntu" />
              <Attribute Name="WWW_Port" Value="8000" />
            </Attributes>
          </AppResource>
        </AppResources>
        <DeploymentPaths>
          <DeploymentPath Name="AWS us-east-1 - AWS EC2 Instance" Default="true">
            <DeploymentService Name="AWS EC2 Instance" CloudProvider="AWS us-east-1">
              <Attributes>
                <Attribute Name="AWS AMI Id" Value="ami-7e082468" />
                <Attribute Name="Instance Type" Value="t2.micro" />
                <Attribute Name="Storage Size" Value="0" />
                <Attribute Name="Storage IOPS" Value="0" />
                <Attribute Name="Storage Type" Value="auto" />
                <Attribute Name="Inbound Ports" Value="8000" />
                <Attribute Name="Wait for IP" Value="False" />
                <Attribute Name="Wait for Status Check" Value="True" />
                <Attribute Name="Autoload" Value="True" />
                <Attribute Name="Wait for Credentials" Value="True" />
                <Attribute Name="Root Volume Name" Value="" />
                <Attribute Name="Allow all Sandbox Traffic" Value="True" />
                <Attribute Name="Public IP Options" Value="Public IP (single subnet)" />
              </Attributes>
            </DeploymentService>
          </DeploymentPath>
        </DeploymentPaths>
      </AppResourceInfo>
    </App>
  </Apps>
  <Inputs>
    <GlobalInput Name="Build Number" DefaultValue="1.0.0-beta.2" Type="Lookup">
      <PossibleValues>
        <Value>1.0.0-beta.2</Value>
      </PossibleValues>
    </GlobalInput>
  </Inputs>
</TopologyInfo>