<?xml version="1.0" encoding="utf-8"?>
<TopologyInfo xmlns:xsd="http://www.w3.org/2001/XMLSchema" xmlns:xsi="http://www.w3.org/2001/XMLSchema-instance">
  <Details Name="4 - My App - Staging" Alias="4 - My App - Staging" Driver="Python Setup &amp; Teardown" SetupDuration="60" TeardownDuration="60" Public="true" ImageName="4 - My App - Staging.png" DefaultDuration="120">
    <Description>Staging environment of My App on a public cloud, integrated with cloud services</Description>
    <Instructions>&lt;iframe src="/Instructions/staging" style="border:0px #FFFFFF none;" name="myiFrame" scrolling="yes" frameborder="1" marginheight="0px" marginwidth="0px" height="100%" width="100%"&gt;&lt;/iframe&gt;</Instructions>
    <Categories />
    <Scripts>
      <Script Name="MyApp Staging Setup" />
      <Script Name="HealthCheck" />
      <Script Name="MyApp Staging Teardown" />
    </Scripts>
    <Diagram Zoom="1" NodeSize="Medium" />
  </Details>
  <Services>
    <Service PositionX="1537" PositionY="279.38461538461542" Alias="AWS CloudFront" ServiceName="AWS CloudFront Distribution">
      <Attributes>
        <Attribute Name="AWS CF ID" Value="" />
        <Attribute Name="Cloud Provider" Value="AWS us-east-1" />
        <Attribute Name="External_URL" Value="" />
        <Attribute Name="Address" Value="" />
      </Attributes>
    </Service>
    <Service PositionX="1204" PositionY="279.38461538461542" Alias="AWS Elastic Load Balancer" ServiceName="AWS Elastic Load Balancer">
      <Attributes>
        <Attribute Name="AWS ELB Name" Value="" />
        <Attribute Name="Cloud Provider" Value="AWS us-east-1" />
        <Attribute Name="External_URL" Value="" />
        <Attribute Name="Address" Value="" />
      </Attributes>
    </Service>
  </Services>
  <Apps>
    <App PositionX="875" PositionY="279.38461538461542" TemplateName="My App Web Server">
      <AppResourceInfo Name="My App Web Server 2" ImagePath="4 - My App - Staging_My App Web Server 2.png">
        <Description>The web server of our example application, a PHP based eCommerce platform</Description>
        <AppResources>
          <AppResource ModelName="My App Web Server" Driver="">
            <Attributes>
              <Attribute Name="Execution Server Selector" Value="Commands" />
              <Attribute Name="Management_Port" Value="" />
              <Attribute Name="Password" Value="3M3u7nkDzxWb0aJ/IZYeWw==" />
              <Attribute Name="Public IP" Value="" />
              <Attribute Name="SSH_Port" Value="22" />
              <Attribute Name="User" Value="ubuntu" />
              <Attribute Name="WWW_Port" Value="" />
            </Attributes>
          </AppResource>
        </AppResources>
        <ConfigurationManagement>
          <CustomScript ConnectionMethod="SSH">
            <Repository Url="https://raw.githubusercontent.com/QualiSystemsLab/CloudShellTrial/master/ConfigurationScripts/MyApp/ChangeDatabaseHost.sh" />
            <Parameters>
              <Parameter Name="database_server_address" Value="127.0.0.1" />
              <Parameter Name="app_color" Value="2F21FF" />
            </Parameters>
          </CustomScript>
        </ConfigurationManagement>
        <DeploymentPaths>
          <DeploymentPath Name="AWS us-east-1 - AWS EC2 Instance" Default="true">
            <DeploymentService Name="AWS EC2 Instance" CloudProvider="AWS us-east-1">
              <Attributes>
                <Attribute Name="AWS AMI Id" Value="ami-7e082468" />
                <Attribute Name="Instance Type" Value="t2.micro" />
                <Attribute Name="Storage Size" Value="0" />
                <Attribute Name="Storage IOPS" Value="0" />
                <Attribute Name="Storage Type" Value="auto" />
                <Attribute Name="Inbound Ports" Value="8000" />
                <Attribute Name="Wait for IP" Value="False" />
                <Attribute Name="Wait for Status Check" Value="True" />
                <Attribute Name="Autoload" Value="True" />
                <Attribute Name="Wait for Credentials" Value="True" />
                <Attribute Name="Root Volume Name" Value="" />
                <Attribute Name="Allow all Sandbox Traffic" Value="True" />
                <Attribute Name="Public IP Options" Value="No Public IP" />
              </Attributes>
            </DeploymentService>
          </DeploymentPath>
        </DeploymentPaths>
      </AppResourceInfo>
    </App>
    <App PositionX="522" PositionY="279.38461538461542" TemplateName="MySQL DB">
      <AppResourceInfo Name="MySQL DB" ImagePath="4 - My App - Staging_MySQL DB.png">
        <Description>A MySQL database installed on Linux machine</Description>
        <AppResources>
          <AppResource ModelName="MySQL" Driver="">
            <Attributes>
              <Attribute Name="Execution Server Selector" Value="" />
              <Attribute Name="Password" Value="3M3u7nkDzxWb0aJ/IZYeWw==" />
              <Attribute Name="Public IP" Value="" />
              <Attribute Name="SSH_Port" Value="22" />
              <Attribute Name="User" Value="ubuntu" />
              <Attribute Name="WWW_Port" Value="80/phpmyadmin" />
            </Attributes>
          </AppResource>
        </AppResources>
        <DeploymentPaths>
          <DeploymentPath Name="AWS us-east-1 - AWS EC2 Instance" Default="true">
            <DeploymentService Name="AWS EC2 Instance" CloudProvider="AWS us-east-1">
              <Attributes>
                <Attribute Name="AWS AMI Id" Value="ami-7d1f336b" />
                <Attribute Name="Instance Type" Value="t2.micro" />
                <Attribute Name="Storage Size" Value="0" />
                <Attribute Name="Storage IOPS" Value="0" />
                <Attribute Name="Storage Type" Value="auto" />
                <Attribute Name="Inbound Ports" Value="80" />
                <Attribute Name="Wait for IP" Value="False" />
                <Attribute Name="Wait for Status Check" Value="True" />
                <Attribute Name="Autoload" Value="True" />
                <Attribute Name="Wait for Credentials" Value="True" />
                <Attribute Name="Root Volume Name" Value="" />
                <Attribute Name="Allow all Sandbox Traffic" Value="True" />
                <Attribute Name="Public IP Options" Value="No Public IP" />
              </Attributes>
            </DeploymentService>
          </DeploymentPath>
        </DeploymentPaths>
      </AppResourceInfo>
    </App>
    <App PositionX="875" PositionY="137" TemplateName="My App Web Server">
      <AppResourceInfo Name="My App Web Server 1" ImagePath="4 - My App - Staging_My App Web Server 1.png">
        <Description>The web server of our example application, a PHP based eCommerce platform</Description>
        <AppResources>
          <AppResource ModelName="My App Web Server" Driver="">
            <Attributes>
              <Attribute Name="Execution Server Selector" Value="Commands" />
              <Attribute Name="Management_Port" Value="" />
              <Attribute Name="Password" Value="3M3u7nkDzxWb0aJ/IZYeWw==" />
              <Attribute Name="Public IP" Value="" />
              <Attribute Name="SSH_Port" Value="22" />
              <Attribute Name="User" Value="ubuntu" />
              <Attribute Name="WWW_Port" Value="" />
            </Attributes>
          </AppResource>
        </AppResources>
        <ConfigurationManagement>
          <CustomScript ConnectionMethod="SSH">
            <Repository Url="https://raw.githubusercontent.com/QualiSystemsLab/CloudShellTrial/master/ConfigurationScripts/MyApp/ChangeDatabaseHost.sh" />
            <Parameters>
              <Parameter Name="database_server_address" Value="127.0.0.1" />
              <Parameter Name="app_color" Value="2F21FF" />
            </Parameters>
          </CustomScript>
        </ConfigurationManagement>
        <DeploymentPaths>
          <DeploymentPath Name="AWS us-east-1 - AWS EC2 Instance" Default="true">
            <DeploymentService Name="AWS EC2 Instance" CloudProvider="AWS us-east-1">
              <Attributes>
                <Attribute Name="AWS AMI Id" Value="ami-7e082468" />
                <Attribute Name="Instance Type" Value="t2.micro" />
                <Attribute Name="Storage Size" Value="0" />
                <Attribute Name="Storage IOPS" Value="0" />
                <Attribute Name="Storage Type" Value="auto" />
                <Attribute Name="Inbound Ports" Value="8000" />
                <Attribute Name="Wait for IP" Value="False" />
                <Attribute Name="Wait for Status Check" Value="True" />
                <Attribute Name="Autoload" Value="True" />
                <Attribute Name="Wait for Credentials" Value="True" />
                <Attribute Name="Root Volume Name" Value="" />
                <Attribute Name="Allow all Sandbox Traffic" Value="True" />
                <Attribute Name="Public IP Options" Value="No Public IP" />
              </Attributes>
            </DeploymentService>
          </DeploymentPath>
        </DeploymentPaths>
      </AppResourceInfo>
    </App>
    <App PositionX="875" PositionY="419" TemplateName="My App Web Server">
      <AppResourceInfo Name="My App Web Server 3" ImagePath="4 - My App - Staging_My App Web Server 3.png">
        <Description>The web server of our example application, a PHP based eCommerce platform</Description>
        <AppResources>
          <AppResource ModelName="My App Web Server" Driver="">
            <Attributes>
              <Attribute Name="Execution Server Selector" Value="Commands" />
              <Attribute Name="Management_Port" Value="" />
              <Attribute Name="Password" Value="3M3u7nkDzxWb0aJ/IZYeWw==" />
              <Attribute Name="Public IP" Value="" />
              <Attribute Name="SSH_Port" Value="22" />
              <Attribute Name="User" Value="ubuntu" />
              <Attribute Name="WWW_Port" Value="" />
            </Attributes>
          </AppResource>
        </AppResources>
        <ConfigurationManagement>
          <CustomScript ConnectionMethod="SSH">
            <Repository Url="https://raw.githubusercontent.com/QualiSystemsLab/CloudShellTrial/master/ConfigurationScripts/MyApp/ChangeDatabaseHost.sh" />
            <Parameters>
              <Parameter Name="database_server_address" Value="127.0.0.1" />
              <Parameter Name="app_color" Value="2F21FF" />
            </Parameters>
          </CustomScript>
        </ConfigurationManagement>
        <DeploymentPaths>
          <DeploymentPath Name="AWS us-east-1 - AWS EC2 Instance" Default="true">
            <DeploymentService Name="AWS EC2 Instance" CloudProvider="AWS us-east-1">
              <Attributes>
                <Attribute Name="AWS AMI Id" Value="ami-7e082468" />
                <Attribute Name="Instance Type" Value="t2.micro" />
                <Attribute Name="Storage Size" Value="0" />
                <Attribute Name="Storage IOPS" Value="0" />
                <Attribute Name="Storage Type" Value="auto" />
                <Attribute Name="Inbound Ports" Value="8000" />
                <Attribute Name="Wait for IP" Value="False" />
                <Attribute Name="Wait for Status Check" Value="True" />
                <Attribute Name="Autoload" Value="True" />
                <Attribute Name="Wait for Credentials" Value="True" />
                <Attribute Name="Root Volume Name" Value="" />
                <Attribute Name="Allow all Sandbox Traffic" Value="True" />
                <Attribute Name="Public IP Options" Value="No Public IP" />
              </Attributes>
            </DeploymentService>
          </DeploymentPath>
        </DeploymentPaths>
      </AppResourceInfo>
    </App>
  </Apps>
  <Routes>
    <Connector Source="AWS Elastic Load Balancer" Target="AWS CloudFront" Direction="Bi" SourceType="Service" TargetType="Service" />
    <Connector Source="AWS Elastic Load Balancer" Target="My App Web Server 1" Direction="Bi" SourceType="Service" TargetType="Service" />
    <Connector Source="AWS Elastic Load Balancer" Target="My App Web Server 3" Direction="Bi" SourceType="Service" TargetType="Service" />
    <Connector Source="My App Web Server 1" Target="MySQL DB" Direction="Bi" SourceType="Service" TargetType="Service" />
    <Connector Source="My App Web Server 2" Target="MySQL DB" Direction="Bi" SourceType="Service" TargetType="Service" />
    <Connector Source="My App Web Server 3" Target="MySQL DB" Direction="Bi" SourceType="Service" TargetType="Service" />
    <Connector Source="AWS Elastic Load Balancer" Target="My App Web Server 2" Direction="Bi" SourceType="Service" TargetType="Service" />
  </Routes>
  <Inputs>
    <GlobalInput Name="Build Number" DefaultValue="1.0.0-beta.2" Type="Lookup">
      <PossibleValues>
        <Value>1.0.0-beta.2</Value>
      </PossibleValues>
    </GlobalInput>
  </Inputs>
</TopologyInfo>