<?xml version="1.0" encoding="utf-8"?>
<TopologyInfo xmlns:xsd="http://www.w3.org/2001/XMLSchema" xmlns:xsi="http://www.w3.org/2001/XMLSchema-instance">
  <Details Name="3 - My App - Performance" Alias="3 - My App - Performance" Driver="Python Setup &amp; Teardown" SetupDuration="10" TeardownDuration="10" Public="true" ImageName="3 - My App - Performance.png" DefaultDuration="120">
    <Description>Simulate and test HA configuration of My App deployed on public cloud infrastructure</Description>
    <Instructions>&lt;iframe src="/Instructions/performance" style="border:0px #FFFFFF none;" name="myiFrame" scrolling="yes" frameborder="1" marginheight="0px" marginwidth="0px" height="100%" width="100%"&gt;&lt;/iframe&gt;</Instructions>
    <Categories />
    <Scripts>
      <Script Name="MyApp Performance Setup" />
      <Script Name="Default Sandbox Teardown 2.0" />
    </Scripts>
    <Diagram Zoom="1" NodeSize="Medium" />
  </Details>
  <Apps>
    <App PositionX="847.4545454545455" PositionY="95" TemplateName="My App Web Server">
      <AppResourceInfo Name="My App Web Server 1" ImagePath="3 - My App - Performance_My App Web Server 1.png">
        <Description>The web server of our example application, a PHP based eCommerce platform</Description>
        <AppResources>
          <AppResource ModelName="My App Web Server" Driver="">
            <Attributes>
              <Attribute Name="Execution Server Selector" Value="Commands" />
              <Attribute Name="Management_Port" Value="8000/admin" />
              <Attribute Name="Password" Value="3M3u7nkDzxWb0aJ/IZYeWw==" />
              <Attribute Name="Public IP" Value="" />
              <Attribute Name="SSH_Port" Value="22" />
              <Attribute Name="User" Value="ubuntu" />
              <Attribute Name="WWW_Port" Value="8000" />
            </Attributes>
          </AppResource>
        </AppResources>
        <ConfigurationManagement>
          <CustomScript ConnectionMethod="SSH">
            <Repository Url="https://raw.githubusercontent.com/QualiSystemsLab/CloudShellTrial/master/ConfigurationScripts/MyApp/ChangeDatabaseHost.sh" />
            <Parameters>
              <Parameter Name="database_server_address" Value="127.0.0.1" />
              <Parameter Name="app_color" Value="2F21FF" />
            </Parameters>
          </CustomScript>
        </ConfigurationManagement>
        <DeploymentPaths>
          <DeploymentPath Name="AWS us-east-1 - AWS EC2 Instance" Default="true">
            <DeploymentService Name="AWS EC2 Instance" CloudProvider="AWS us-east-1">
              <Attributes>
                <Attribute Name="AWS AMI Id" Value="ami-7e082468" />
                <Attribute Name="Instance Type" Value="t2.micro" />
                <Attribute Name="Storage Size" Value="0" />
                <Attribute Name="Storage IOPS" Value="0" />
                <Attribute Name="Storage Type" Value="auto" />
                <Attribute Name="Inbound Ports" Value="8000" />
                <Attribute Name="Wait for IP" Value="False" />
                <Attribute Name="Wait for Status Check" Value="True" />
                <Attribute Name="Autoload" Value="True" />
                <Attribute Name="Wait for Credentials" Value="True" />
                <Attribute Name="Root Volume Name" Value="" />
                <Attribute Name="Allow all Sandbox Traffic" Value="True" />
                <Attribute Name="Public IP Options" Value="Public IP (single subnet)" />
              </Attributes>
            </DeploymentService>
          </DeploymentPath>
        </DeploymentPaths>
      </AppResourceInfo>
    </App>
    <App PositionX="1164" PositionY="238" TemplateName="HA Proxy">
      <AppResourceInfo Name="HA Proxy" ImagePath="3 - My App - Performance_HA Proxy.png">
        <Description>A high availability load balancer and proxy application</Description>
        <AppResources>
          <AppResource ModelName="HA Proxy" Driver="">
            <Attributes>
              <Attribute Name="Execution Server Selector" Value="Commands" />
              <Attribute Name="Management_Port" Value="80/stats" />
              <Attribute Name="Password" Value="3M3u7nkDzxWb0aJ/IZYeWw==" />
              <Attribute Name="Public IP" Value="" />
              <Attribute Name="SSH_Port" Value="22" />
              <Attribute Name="User" Value="ec2-user" />
              <Attribute Name="WWW_Port" Value="5000" />
            </Attributes>
          </AppResource>
        </AppResources>
        <ConfigurationManagement>
          <CustomScript ConnectionMethod="SSH">
            <Repository Url="https://raw.githubusercontent.com/QualiSystemsLab/CloudShellTrial/master/ConfigurationScripts/HAProxy/AppendBackendServers.sh" />
            <Parameters>
              <Parameter Name="web_server_addresses" Value="" />
            </Parameters>
          </CustomScript>
        </ConfigurationManagement>
        <DeploymentPaths>
          <DeploymentPath Name="AWS us-east-1 - AWS EC2 Instance" Default="true">
            <DeploymentService Name="AWS EC2 Instance" CloudProvider="AWS us-east-1">
              <Attributes>
                <Attribute Name="AWS AMI Id" Value="ami-3a6b682c" />
                <Attribute Name="Instance Type" Value="t2.micro" />
                <Attribute Name="Storage Size" Value="0" />
                <Attribute Name="Storage IOPS" Value="0" />
                <Attribute Name="Storage Type" Value="auto" />
                <Attribute Name="Inbound Ports" Value="5000;80" />
                <Attribute Name="Wait for IP" Value="False" />
                <Attribute Name="Wait for Status Check" Value="True" />
                <Attribute Name="Autoload" Value="True" />
                <Attribute Name="Wait for Credentials" Value="True" />
                <Attribute Name="Root Volume Name" Value="" />
                <Attribute Name="Allow all Sandbox Traffic" Value="True" />
                <Attribute Name="Public IP Options" Value="Public IP (single subnet)" />
              </Attributes>
            </DeploymentService>
          </DeploymentPath>
        </DeploymentPaths>
      </AppResourceInfo>
    </App>
    <App PositionX="846" PositionY="374" TemplateName="My App Web Server">
      <AppResourceInfo Name="My App Web Server 3" ImagePath="3 - My App - Performance_My App Web Server 3.png">
        <Description>The web server of our example application, a PHP based eCommerce platform</Description>
        <AppResources>
          <AppResource ModelName="My App Web Server" Driver="">
            <Attributes>
              <Attribute Name="Execution Server Selector" Value="Commands" />
              <Attribute Name="Management_Port" Value="8000/admin" />
              <Attribute Name="Password" Value="3M3u7nkDzxWb0aJ/IZYeWw==" />
              <Attribute Name="Public IP" Value="" />
              <Attribute Name="SSH_Port" Value="22" />
              <Attribute Name="User" Value="ubuntu" />
              <Attribute Name="WWW_Port" Value="8000" />
            </Attributes>
          </AppResource>
        </AppResources>
        <ConfigurationManagement>
          <CustomScript ConnectionMethod="SSH">
            <Repository Url="https://raw.githubusercontent.com/QualiSystemsLab/CloudShellTrial/master/ConfigurationScripts/MyApp/ChangeDatabaseHost.sh" />
            <Parameters>
              <Parameter Name="database_server_address" Value="127.0.0.1" />
              <Parameter Name="app_color" Value="2F21FF" />
            </Parameters>
          </CustomScript>
        </ConfigurationManagement>
        <DeploymentPaths>
          <DeploymentPath Name="AWS us-east-1 - AWS EC2 Instance" Default="true">
            <DeploymentService Name="AWS EC2 Instance" CloudProvider="AWS us-east-1">
              <Attributes>
                <Attribute Name="AWS AMI Id" Value="ami-7e082468" />
                <Attribute Name="Instance Type" Value="t2.micro" />
                <Attribute Name="Storage Size" Value="0" />
                <Attribute Name="Storage IOPS" Value="0" />
                <Attribute Name="Storage Type" Value="auto" />
                <Attribute Name="Inbound Ports" Value="8000" />
                <Attribute Name="Wait for IP" Value="False" />
                <Attribute Name="Wait for Status Check" Value="True" />
                <Attribute Name="Autoload" Value="True" />
                <Attribute Name="Wait for Credentials" Value="True" />
                <Attribute Name="Root Volume Name" Value="" />
                <Attribute Name="Allow all Sandbox Traffic" Value="True" />
                <Attribute Name="Public IP Options" Value="Public IP (single subnet)" />
              </Attributes>
            </DeploymentService>
          </DeploymentPath>
        </DeploymentPaths>
      </AppResourceInfo>
    </App>
    <App PositionX="846" PositionY="238" TemplateName="My App Web Server">
      <AppResourceInfo Name="My App Web Server 2" ImagePath="3 - My App - Performance_My App Web Server 2.png">
        <Description>The web server of our example application, a PHP based eCommerce platform</Description>
        <AppResources>
          <AppResource ModelName="My App Web Server" Driver="">
            <Attributes>
              <Attribute Name="Execution Server Selector" Value="Commands" />
              <Attribute Name="Management_Port" Value="8000/admin" />
              <Attribute Name="Password" Value="3M3u7nkDzxWb0aJ/IZYeWw==" />
              <Attribute Name="Public IP" Value="" />
              <Attribute Name="SSH_Port" Value="22" />
              <Attribute Name="User" Value="ubuntu" />
              <Attribute Name="WWW_Port" Value="8000" />
            </Attributes>
          </AppResource>
        </AppResources>
        <ConfigurationManagement>
          <CustomScript ConnectionMethod="SSH">
            <Repository Url="https://raw.githubusercontent.com/QualiSystemsLab/CloudShellTrial/master/ConfigurationScripts/MyApp/ChangeDatabaseHost.sh" />
            <Parameters>
              <Parameter Name="database_server_address" Value="127.0.0.1" />
              <Parameter Name="app_color" Value="2F21FF" />
            </Parameters>
          </CustomScript>
        </ConfigurationManagement>
        <DeploymentPaths>
          <DeploymentPath Name="AWS us-east-1 - AWS EC2 Instance" Default="true">
            <DeploymentService Name="AWS EC2 Instance" CloudProvider="AWS us-east-1">
              <Attributes>
                <Attribute Name="AWS AMI Id" Value="ami-7e082468" />
                <Attribute Name="Instance Type" Value="t2.micro" />
                <Attribute Name="Storage Size" Value="0" />
                <Attribute Name="Storage IOPS" Value="0" />
                <Attribute Name="Storage Type" Value="auto" />
                <Attribute Name="Inbound Ports" Value="8000" />
                <Attribute Name="Wait for IP" Value="False" />
                <Attribute Name="Wait for Status Check" Value="True" />
                <Attribute Name="Autoload" Value="True" />
                <Attribute Name="Wait for Credentials" Value="True" />
                <Attribute Name="Root Volume Name" Value="" />
                <Attribute Name="Allow all Sandbox Traffic" Value="True" />
                <Attribute Name="Public IP Options" Value="Public IP (single subnet)" />
              </Attributes>
            </DeploymentService>
          </DeploymentPath>
        </DeploymentPaths>
      </AppResourceInfo>
    </App>
    <App PositionX="563" PositionY="238" TemplateName="MySQL DB">
      <AppResourceInfo Name="MySQL DB" ImagePath="3 - My App - Performance_MySQL DB.png">
        <Description>A MySQL database installed on Linux machine</Description>
        <AppResources>
          <AppResource ModelName="MySQL" Driver="">
            <Attributes>
              <Attribute Name="Execution Server Selector" Value="" />
              <Attribute Name="Password" Value="3M3u7nkDzxWb0aJ/IZYeWw==" />
              <Attribute Name="Public IP" Value="" />
              <Attribute Name="SSH_Port" Value="22" />
              <Attribute Name="User" Value="ubuntu" />
              <Attribute Name="WWW_Port" Value="80/phpmyadmin" />
            </Attributes>
          </AppResource>
        </AppResources>
        <DeploymentPaths>
          <DeploymentPath Name="AWS us-east-1 - AWS EC2 Instance" Default="true">
            <DeploymentService Name="AWS EC2 Instance" CloudProvider="AWS us-east-1">
              <Attributes>
                <Attribute Name="AWS AMI Id" Value="ami-7d1f336b" />
                <Attribute Name="Instance Type" Value="t2.micro" />
                <Attribute Name="Storage Size" Value="0" />
                <Attribute Name="Storage IOPS" Value="0" />
                <Attribute Name="Storage Type" Value="auto" />
                <Attribute Name="Inbound Ports" Value="80" />
                <Attribute Name="Wait for IP" Value="False" />
                <Attribute Name="Wait for Status Check" Value="True" />
                <Attribute Name="Autoload" Value="True" />
                <Attribute Name="Wait for Credentials" Value="True" />
                <Attribute Name="Root Volume Name" Value="" />
                <Attribute Name="Allow all Sandbox Traffic" Value="True" />
                <Attribute Name="Public IP Options" Value="Public IP (single subnet)" />
              </Attributes>
            </DeploymentService>
          </DeploymentPath>
        </DeploymentPaths>
      </AppResourceInfo>
    </App>
    <App PositionX="1499" PositionY="238" TemplateName="JMeter">
      <AppResourceInfo Name="JMeter" ImagePath="3 - My App - Performance_JMeter.png">
        <AppResources>
          <AppResource ModelName="Jmeter" Driver="Jmeter1">
            <Attributes>
              <Attribute Name="Execution Server Selector" Value="Commands" />
              <Attribute Name="Jmeter.Password" Value="wTVoTc901nFk51E0fqnA7BoGHLK3RR735dyvrtX7A4o=" />
              <Attribute Name="Jmeter.Public IP" Value="" />
              <Attribute Name="Jmeter.RDP_Port" Value="3389" />
              <Attribute Name="Jmeter.SSH_Port" Value="22" />
              <Attribute Name="Jmeter.Tests Location" Value="https://raw.githubusercontent.com/QualiSystemsLab/CloudShellTrial/master/JMeterTests/" />
              <Attribute Name="Jmeter.User" Value="Administrator" />
            </Attributes>
          </AppResource>
        </AppResources>
        <DeploymentPaths>
          <DeploymentPath Name="AWS us-east-1 - AWS EC2 Instance" Default="true">
            <DeploymentService Name="AWS EC2 Instance" CloudProvider="AWS us-east-1">
              <Attributes>
                <Attribute Name="AWS AMI Id" Value="ami-3588b023" />
                <Attribute Name="Instance Type" Value="t2.micro" />
                <Attribute Name="Storage Size" Value="0" />
                <Attribute Name="Storage IOPS" Value="0" />
                <Attribute Name="Storage Type" Value="auto" />
                <Attribute Name="Inbound Ports" Value="22;3389" />
                <Attribute Name="Wait for IP" Value="False" />
                <Attribute Name="Wait for Status Check" Value="False" />
                <Attribute Name="Autoload" Value="True" />
                <Attribute Name="Wait for Credentials" Value="False" />
                <Attribute Name="Root Volume Name" Value="" />
                <Attribute Name="Allow all Sandbox Traffic" Value="True" />
                <Attribute Name="Public IP Options" Value="Public IP (single subnet)" />
              </Attributes>
            </DeploymentService>
          </DeploymentPath>
        </DeploymentPaths>
      </AppResourceInfo>
    </App>
  </Apps>
  <Routes>
    <Connector Source="My App Web Server 1" Target="MySQL DB" Direction="Bi" SourceType="Service" TargetType="Service" />
    <Connector Source="My App Web Server 2" Target="MySQL DB" Direction="Bi" SourceType="Service" TargetType="Service" />
    <Connector Source="My App Web Server 3" Target="MySQL DB" Direction="Bi" SourceType="Service" TargetType="Service" />
    <Connector Source="HA Proxy" Target="My App Web Server 1" Direction="Bi" SourceType="Service" TargetType="Service" />
    <Connector Source="HA Proxy" Target="My App Web Server 2" Direction="Bi" SourceType="Service" TargetType="Service" />
    <Connector Source="HA Proxy" Target="My App Web Server 3" Direction="Bi" SourceType="Service" TargetType="Service" />
    <Connector Source="HA Proxy" Target="JMeter" Direction="Bi" SourceType="Service" TargetType="Service" />
  </Routes>
  <Inputs>
    <GlobalInput Name="Build Number" DefaultValue="1.0.0-beta.2" Type="Lookup">
      <PossibleValues>
        <Value>1.0.0-beta.2</Value>
      </PossibleValues>
    </GlobalInput>
  </Inputs>
</TopologyInfo>