<?xml version="1.0" encoding="utf-8"?>
<AppTemplateInfo xmlns:xsd="http://www.w3.org/2001/XMLSchema" xmlns:xsi="http://www.w3.org/2001/XMLSchema-instance">
  <AppResourceInfo Name="Selenium Node" ImagePath="Selenium Node.png">
    <Description>A testing tool for web applications, Selenium is built as a Grid with a controlling hub and testing nodes</Description>
    <AppResources>
      <AppResource ModelName="Selenium Node" Driver="">
        <Attributes>
          <Attribute Name="Execution Server Selector" Value="" />
          <Attribute Name="Password" Value="wTVoTc901nFk51E0fqnA7BoGHLK3RR735dyvrtX7A4o=" />
          <Attribute Name="Public IP" Value="" />
          <Attribute Name="RDP_Port" Value="3389" />
          <Attribute Name="User" Value="administrator" />
          <Attribute Name="WWW_Port" Value="5555/wd/hub/static/resource/hub.html" />
        </Attributes>
      </AppResource>
    </AppResources>
    <ConfigurationManagement>
      <CustomScript ConnectionMethod="WinRM">
        <Repository Url="https://raw.githubusercontent.com/QualiSystemsLab/CloudShellTrial/master/ConfigurationScripts/Selenium/ChangeRegisteredHub.ps1" />
        <Parameters>
          <Parameter Name="hub_server_address" Value="localhost" />
        </Parameters>
      </CustomScript>
    </ConfigurationManagement>
    <DeploymentPaths>
      <DeploymentPath Name="AWS us-east-1 - AWS EC2 Instance" Default="false">
        <DeploymentService Name="AWS EC2 Instance" CloudProvider="AWS us-east-1">
          <Attributes>
            <Attribute Name="AWS AMI Id" Value="ami-d41539c2" />
            <Attribute Name="Instance Type" Value="t2.small" />
            <Attribute Name="Storage Size" Value="0" />
            <Attribute Name="Storage IOPS" Value="0" />
            <Attribute Name="Storage Type" Value="auto" />
            <Attribute Name="Inbound Ports" Value="5555" />
            <Attribute Name="Wait for IP" Value="False" />
            <Attribute Name="Wait for Status Check" Value="False" />
            <Attribute Name="Autoload" Value="True" />
            <Attribute Name="Wait for Credentials" Value="False" />
            <Attribute Name="Root Volume Name" Value="" />
            <Attribute Name="Allow all Sandbox Traffic" Value="True" />
            <Attribute Name="Public IP Options" Value="Public IP (single subnet)" />
          </Attributes>
        </DeploymentService>
      </DeploymentPath>
    </DeploymentPaths>
  </AppResourceInfo>
  <Categories>
    <Category>Tools</Category>
    <Category>Tools</Category>
    <Category>Tools</Category>
    <Category>Tools</Category>
    <Category>Tools</Category>
    <Category>Tools</Category>
    <Category>Tools</Category>
    <Category>Tools</Category>
    <Category>Tools</Category>
    <Category>Tools</Category>
    <Category>Tools</Category>
    <Category>Tools</Category>
    <Category>Tools</Category>
    <Category>Tools</Category>
    <Category>Tools</Category>
    <Category>Tools</Category>
    <Category>Tools</Category>
    <Category>Tools</Category>
    <Category>Tools</Category>
    <Category>Tools</Category>
    <Category>Tools</Category>
    <Category>Tools</Category>
    <Category>Tools</Category>
    <Category>Tools</Category>
    <Category>Tools</Category>
    <Category>Tools</Category>
    <Category>Tools</Category>
    <Category>Tools</Category>
    <Category>Tools</Category>
    <Category>Tools</Category>
    <Category>Tools</Category>
    <Category>Tools</Category>
    <Category>Tools</Category>
    <Category>Tools</Category>
    <Category>Tools</Category>
    <Category>Tools</Category>
    <Category>Tools</Category>
    <Category>Tools</Category>
    <Category>Tools</Category>
    <Category>Tools</Category>
    <Category>Tools</Category>
    <Category>Tools</Category>
    <Category>Tools</Category>
    <Category>Tools</Category>
    <Category>Tools</Category>
    <Category>Tools</Category>
    <Category>Tools</Category>
    <Category>Tools</Category>
    <Category>Tools</Category>
    <Category>Tools</Category>
    <Category>Tools</Category>
    <Category>Tools</Category>
    <Category>Tools</Category>
    <Category>Tools</Category>
    <Category>Tools</Category>
    <Category>Tools</Category>
    <Category>Tools</Category>
    <Category>Tools</Category>
    <Category>Tools</Category>
    <Category>Tools</Category>
    <Category>Tools</Category>
    <Category>Tools</Category>
    <Category>Tools</Category>
    <Category>Tools</Category>
    <Category>Tools</Category>
    <Category>Tools</Category>
    <Category>Tools</Category>
    <Category>Tools</Category>
    <Category>Tools</Category>
    <Category>Tools</Category>
    <Category>Tools</Category>
    <Category>Tools</Category>
    <Category>Tools</Category>
    <Category>Tools</Category>
    <Category>Tools</Category>
    <Category>Tools</Category>
    <Category>Tools</Category>
    <Category>Tools</Category>
    <Category>Tools</Category>
    <Category>Tools</Category>
    <Category>Tools</Category>
    <Category>Tools</Category>
    <Category>Tools</Category>
    <Category>Tools</Category>
    <Category>Tools</Category>
    <Category>Tools</Category>
    <Category>Tools</Category>
    <Category>Tools</Category>
    <Category>Tools</Category>
    <Category>Tools</Category>
    <Category>Tools</Category>
    <Category>Tools</Category>
    <Category>Tools</Category>
    <Category>Tools</Category>
    <Category>Tools</Category>
    <Category>Tools</Category>
    <Category>Tools</Category>
    <Category>Tools</Category>
    <Category>Tools</Category>
    <Category>Tools</Category>
  </Categories>
</AppTemplateInfo>