<?xml version="1.0" encoding="utf-8"?>
<AppTemplateInfo xmlns:xsd="http://www.w3.org/2001/XMLSchema" xmlns:xsi="http://www.w3.org/2001/XMLSchema-instance">
  <AppResourceInfo Name="Selenium Hub" ImagePath="Selenium Hub.png">
    <Description>A testing tool for web applications, Selenium is built as a Grid with a controlling hub and testing nodes</Description>
    <AppResources>
      <AppResource ModelName="SeleniumHub" Driver="SeleniumHub1">
        <Attributes>
          <Attribute Name="SeleniumHub.Password" Value="3M3u7nkDzxWb0aJ/IZYeWw==" />
          <Attribute Name="SeleniumHub.Public IP" Value="" />
          <Attribute Name="SeleniumHub.SSH_Port" Value="22" />
          <Attribute Name="SeleniumHub.Tests Location" Value="https://raw.githubusercontent.com/QualiSystemsLab/CloudShellTrial/master/SeleniumTests/" />
          <Attribute Name="SeleniumHub.User" Value="ec2-user" />
          <Attribute Name="SeleniumHub.WWW_Port" Value="4444/grid/console" />
        </Attributes>
      </AppResource>
    </AppResources>
    <DeploymentPaths>
      <DeploymentPath Name="AWS us-east-1 - AWS EC2 Instance" Default="false">
        <DeploymentService Name="AWS EC2 Instance" CloudProvider="AWS us-east-1">
          <Attributes>
            <Attribute Name="AWS AMI Id" Value="ami-f5a1e5e3" />
            <Attribute Name="Instance Type" Value="t2.micro" />
            <Attribute Name="Storage Size" Value="0" />
            <Attribute Name="Storage IOPS" Value="0" />
            <Attribute Name="Storage Type" Value="auto" />
            <Attribute Name="Inbound Ports" Value="4444" />
            <Attribute Name="Wait for IP" Value="False" />
            <Attribute Name="Wait for Status Check" Value="True" />
            <Attribute Name="Autoload" Value="True" />
            <Attribute Name="Wait for Credentials" Value="True" />
            <Attribute Name="Root Volume Name" Value="" />
            <Attribute Name="Allow all Sandbox Traffic" Value="True" />
            <Attribute Name="Public IP Options" Value="Elastic IPs" />
          </Attributes>
        </DeploymentService>
      </DeploymentPath>
    </DeploymentPaths>
  </AppResourceInfo>
  <Categories>
    <Category>Tools</Category>
    <Category>Tools</Category>
    <Category>Tools</Category>
    <Category>Tools</Category>
    <Category>Tools</Category>
    <Category>Tools</Category>
    <Category>Tools</Category>
    <Category>Tools</Category>
    <Category>Tools</Category>
    <Category>Tools</Category>
    <Category>Tools</Category>
    <Category>Tools</Category>
    <Category>Tools</Category>
    <Category>Tools</Category>
    <Category>Tools</Category>
    <Category>Tools</Category>
    <Category>Tools</Category>
    <Category>Tools</Category>
    <Category>Tools</Category>
    <Category>Tools</Category>
    <Category>Tools</Category>
    <Category>Tools</Category>
    <Category>Tools</Category>
    <Category>Tools</Category>
    <Category>Tools</Category>
    <Category>Tools</Category>
    <Category>Tools</Category>
    <Category>Tools</Category>
    <Category>Tools</Category>
    <Category>Tools</Category>
    <Category>Tools</Category>
    <Category>Tools</Category>
    <Category>Tools</Category>
    <Category>Tools</Category>
    <Category>Tools</Category>
    <Category>Tools</Category>
    <Category>Tools</Category>
    <Category>Tools</Category>
    <Category>Tools</Category>
    <Category>Tools</Category>
    <Category>Tools</Category>
    <Category>Tools</Category>
    <Category>Tools</Category>
    <Category>Tools</Category>
    <Category>Tools</Category>
    <Category>Tools</Category>
    <Category>Tools</Category>
    <Category>Tools</Category>
    <Category>Tools</Category>
    <Category>Tools</Category>
    <Category>Tools</Category>
    <Category>Tools</Category>
    <Category>Tools</Category>
    <Category>Tools</Category>
    <Category>Tools</Category>
    <Category>Tools</Category>
    <Category>Tools</Category>
    <Category>Tools</Category>
    <Category>Tools</Category>
    <Category>Tools</Category>
    <Category>Tools</Category>
    <Category>Tools</Category>
    <Category>Tools</Category>
    <Category>Tools</Category>
    <Category>Tools</Category>
    <Category>Tools</Category>
    <Category>Tools</Category>
    <Category>Tools</Category>
    <Category>Tools</Category>
    <Category>Tools</Category>
    <Category>Tools</Category>
    <Category>Tools</Category>
    <Category>Tools</Category>
    <Category>Tools</Category>
    <Category>Tools</Category>
    <Category>Tools</Category>
    <Category>Tools</Category>
    <Category>Tools</Category>
    <Category>Tools</Category>
    <Category>Tools</Category>
    <Category>Tools</Category>
    <Category>Tools</Category>
    <Category>Tools</Category>
    <Category>Tools</Category>
    <Category>Tools</Category>
    <Category>Tools</Category>
    <Category>Tools</Category>
    <Category>Tools</Category>
    <Category>Tools</Category>
    <Category>Tools</Category>
    <Category>Tools</Category>
    <Category>Tools</Category>
    <Category>Tools</Category>
    <Category>Tools</Category>
    <Category>Tools</Category>
    <Category>Tools</Category>
    <Category>Tools</Category>
  </Categories>
</AppTemplateInfo>