<?xml version="1.0" encoding="utf-8"?>
<Driver Name="JMeter" Version="1.0.0" MainClass="PythonDriver.JMeter" Description="JMeter Driver">
  <Layout>
	<Category Name="Testing">
	  <Command Description="Run a JMeter Test" DisplayName="Run JMeter Test" Name="run_test" Tags="" >
		<Parameters>
		  <Parameter Name="test_name" Type="String" Mandatory="True" DisplayName="Test Name" DefaultValue=""  Description="Name of the JMeter Test to Run"/>
		  <Parameter Name="target_resource_name" Type="String" Mandatory="True" DisplayName="Target Resource Name" DefaultValue=""  Description="Name of the resource to run the test on"/>
		  <Parameter Name="thread_count" Type="String" Mandatory="True" DisplayName="Test Thread count" DefaultValue=""  Description="Number of parallel runs of the test flow"/>
		</Parameters>
	  </Command>
		<Command Description="Show Tests available in the tests location" DisplayName="Show Available Tests" Name="show_available_tests" Tags="" />
	</Category>
  </Layout>
</Driver>
