<?xml version="1.0" encoding="utf-8"?>
<DataModelInfo xmlns:xsd="http://www.w3.org/2001/XMLSchema" xmlns:xsi="http://www.w3.org/2001/XMLSchema-instance" xmlns="http://schemas.qualisystems.com/ResourceManagement/DataModelSchema.xsd">
  <Attributes>
    <AttributeInfo Name="SSH_Port" Type="String" DefaultValue="22" IsReadOnly="false">
      <Rules>
        <Rule Name="Configuration" />
        <Rule Name="Setting" />
        <Rule Name="Admin Only" />
      </Rules>
    </AttributeInfo>
    <AttributeInfo Name="WWW_Port" Type="String" DefaultValue="80" IsReadOnly="false">
      <Rules>
        <Rule Name="Configuration" />
        <Rule Name="Admin Only" />
      </Rules>
    </AttributeInfo>
    <AttributeInfo Name="Execution Server Selector" Type="String" DefaultValue="" Description="This attribute points to a pre-define group of execution servers. Usually used for different sites or domains." IsReadOnly="false">
      <Rules>
        <Rule Name="Configuration" />
        <Rule Name="Setting" />
        <Rule Name="Execution Server Selector" />
      </Rules>
    </AttributeInfo>
    <AttributeInfo Name="User" Type="String" DefaultValue="" Description="" IsReadOnly="false">
      <Rules>
        <Rule Name="Configuration" />
      </Rules>
    </AttributeInfo>
    <AttributeInfo Name="Password" Type="Password" DefaultValue="3M3u7nkDzxWb0aJ/IZYeWw==" Description="" IsReadOnly="false">
      <Rules>
        <Rule Name="Configuration" />
      </Rules>
    </AttributeInfo>
    <AttributeInfo Name="Public IP" Type="String" DefaultValue="" Description="" IsReadOnly="false">
      <Rules>
        <Rule Name="Configuration" />
        <Rule Name="Setting" />
      </Rules>
    </AttributeInfo>
    <AttributeInfo Name="Management_Port" Type="String" DefaultValue="" IsReadOnly="false">
      <Rules>
        <Rule Name="Configuration" />
        <Rule Name="Admin Only" />
      </Rules>
    </AttributeInfo>
    <AttributeInfo Name="RDP_Port" Type="String" DefaultValue="3389" IsReadOnly="false">
      <Rules>
        <Rule Name="Configuration" />
        <Rule Name="Setting" />
        <Rule Name="Admin Only" />
      </Rules>
    </AttributeInfo>
  </Attributes>
  <ResourceFamilies>
    <ResourceFamily Name="Apps Orchestration" Description="" IsService="true" ServiceType="Orchestration" AllowRemoteConnection="false">
      <AttachedAttributes />
      <AttributeValues />
      <Models>
        <ResourceModel Name="Simple" Description="" SupportsConcurrentCommands="false">
          <AttachedAttributes />
          <AttributeValues />
          <ParentModels />
          <Drivers>
            <DriverName>Deployment Orchestrator</DriverName>
          </Drivers>
          <Scripts />
        </ResourceModel>
      </Models>
      <Categories />
    </ResourceFamily>
    <ResourceFamily Name="Web Application" Description="" IsSearchable="true" ResourceType="Application" AllowRemoteConnection="true">
      <AttachedAttributes>
        <AttachedAttribute Name="SSH_Port" IsOverridable="true" IsLocal="true">
          <AllowedValues />
        </AttachedAttribute>
        <AttachedAttribute Name="WWW_Port" IsOverridable="true" IsLocal="true">
          <AllowedValues />
        </AttachedAttribute>
        <AttachedAttribute Name="Execution Server Selector" IsOverridable="true" IsLocal="true">
          <AllowedValues />
        </AttachedAttribute>
        <AttachedAttribute Name="User" IsOverridable="true" IsLocal="true">
          <AllowedValues />
        </AttachedAttribute>
        <AttachedAttribute Name="Password" IsOverridable="true" IsLocal="true">
          <AllowedValues />
        </AttachedAttribute>
        <AttachedAttribute Name="Public IP" IsOverridable="true" IsLocal="true">
          <AllowedValues />
        </AttachedAttribute>
        <AttachedAttribute Name="Management_Port" IsOverridable="true" IsLocal="true">
          <AllowedValues />
        </AttachedAttribute>
      </AttachedAttributes>
      <AttributeValues>
        <AttributeValue Name="SSH_Port" Value="22" />
        <AttributeValue Name="WWW_Port" Value="80" />
        <AttributeValue Name="Execution Server Selector" Value="" />
        <AttributeValue Name="User" Value="" />
        <AttributeValue Name="Password" Value="3M3u7nkDzxWb0aJ/IZYeWw==" />
        <AttributeValue Name="Public IP" Value="" />
        <AttributeValue Name="Management_Port" Value="" />
      </AttributeValues>
      <Models>
        <ResourceModel Name="My App Web Server" Description="" SupportsConcurrentCommands="false">
          <AttachedAttributes />
          <AttributeValues>
            <AttributeValue Name="SSH_Port" Value="22" />
            <AttributeValue Name="WWW_Port" Value="80" />
            <AttributeValue Name="Execution Server Selector" Value="" />
            <AttributeValue Name="User" Value="" />
            <AttributeValue Name="Password" Value="3M3u7nkDzxWb0aJ/IZYeWw==" />
            <AttributeValue Name="Public IP" Value="" />
            <AttributeValue Name="Management_Port" Value="" />
          </AttributeValues>
          <ParentModels />
          <Drivers />
          <Scripts />
        </ResourceModel>
      </Models>
      <Categories />
    </ResourceFamily>
    <ResourceFamily Name="Database" Description="" IsSearchable="true" ResourceType="Application" AllowRemoteConnection="true">
      <AttachedAttributes>
        <AttachedAttribute Name="Public IP" IsOverridable="true" IsLocal="true">
          <AllowedValues />
        </AttachedAttribute>
        <AttachedAttribute Name="Execution Server Selector" IsOverridable="true" IsLocal="true">
          <AllowedValues />
        </AttachedAttribute>
        <AttachedAttribute Name="User" IsOverridable="true" IsLocal="true">
          <AllowedValues />
        </AttachedAttribute>
        <AttachedAttribute Name="Password" IsOverridable="true" IsLocal="true">
          <AllowedValues />
        </AttachedAttribute>
        <AttachedAttribute Name="SSH_Port" IsOverridable="true" IsLocal="true">
          <AllowedValues />
        </AttachedAttribute>
      </AttachedAttributes>
      <AttributeValues>
        <AttributeValue Name="Public IP" Value="" />
        <AttributeValue Name="Execution Server Selector" Value="" />
        <AttributeValue Name="User" Value="" />
        <AttributeValue Name="Password" Value="3M3u7nkDzxWb0aJ/IZYeWw==" />
        <AttributeValue Name="SSH_Port" Value="22" />
      </AttributeValues>
      <Models>
        <ResourceModel Name="MySQL" Description="" SupportsConcurrentCommands="false">
          <AttachedAttributes>
            <AttachedAttribute Name="WWW_Port" IsOverridable="true" IsLocal="true">
              <AllowedValues />
            </AttachedAttribute>
          </AttachedAttributes>
          <AttributeValues>
            <AttributeValue Name="WWW_Port" Value="80" />
            <AttributeValue Name="Public IP" Value="" />
            <AttributeValue Name="Execution Server Selector" Value="" />
            <AttributeValue Name="User" Value="" />
            <AttributeValue Name="Password" Value="3M3u7nkDzxWb0aJ/IZYeWw==" />
            <AttributeValue Name="SSH_Port" Value="22" />
          </AttributeValues>
          <ParentModels />
          <Drivers />
          <Scripts />
        </ResourceModel>
      </Models>
      <Categories />
    </ResourceFamily>
    <ResourceFamily Name="Test Application" Description="" IsSearchable="true" ResourceType="Application" AllowRemoteConnection="true">
      <AttachedAttributes>
        <AttachedAttribute Name="Public IP" IsOverridable="true" IsLocal="true">
          <AllowedValues />
        </AttachedAttribute>
        <AttachedAttribute Name="User" IsOverridable="true" IsLocal="true">
          <AllowedValues />
        </AttachedAttribute>
        <AttachedAttribute Name="Password" IsOverridable="true" IsLocal="true">
          <AllowedValues />
        </AttachedAttribute>
        <AttachedAttribute Name="Execution Server Selector" IsOverridable="true" IsLocal="true">
          <AllowedValues />
        </AttachedAttribute>
      </AttachedAttributes>
      <AttributeValues>
        <AttributeValue Name="Public IP" Value="" />
        <AttributeValue Name="User" Value="" />
        <AttributeValue Name="Password" Value="3M3u7nkDzxWb0aJ/IZYeWw==" />
        <AttributeValue Name="Execution Server Selector" Value="" />
      </AttributeValues>
      <Models>
        <ResourceModel Name="Selenium Node" Description="" SupportsConcurrentCommands="false">
          <AttachedAttributes>
            <AttachedAttribute Name="RDP_Port" IsOverridable="true" IsLocal="true">
              <AllowedValues />
            </AttachedAttribute>
            <AttachedAttribute Name="WWW_Port" IsOverridable="true" IsLocal="true">
              <AllowedValues />
            </AttachedAttribute>
          </AttachedAttributes>
          <AttributeValues>
            <AttributeValue Name="RDP_Port" Value="3389" />
            <AttributeValue Name="WWW_Port" Value="80" />
            <AttributeValue Name="Public IP" Value="" />
            <AttributeValue Name="User" Value="" />
            <AttributeValue Name="Password" Value="3M3u7nkDzxWb0aJ/IZYeWw==" />
            <AttributeValue Name="Execution Server Selector" Value="" />
          </AttributeValues>
          <ParentModels />
          <Drivers />
          <Scripts />
        </ResourceModel>
      </Models>
      <Categories />
    </ResourceFamily>
  </ResourceFamilies>
  <DriverDescriptors>
    <DriverDescriptor Name="Deployment Orchestrator" Description="Deploy App" DriverType="PythonDriver" />
    <DriverDescriptor Name="Python Setup &amp; Teardown" Description="This driver is used for running Python scripts in the environment setup and teardown. To use this driver, make sure you select a suitable setup and/or teardown script." DriverType="TestShellDriver" />
  </DriverDescriptors>
  <ScriptDescriptors>
    <ScriptDescriptor Name="MyApp Integration Setup" Description="Setup Script for My App - Integration blueprint" CategoryName="Hidden Commands" Version="1.0" Alias="Setup script">
      <ScriptInputs />
    </ScriptDescriptor>
    <ScriptDescriptor Name="Default Sandbox Teardown 2.0" CategoryName="Hidden Commands" Version="1.7.0.400 " Alias="Teardown script">
      <ScriptInputs />
    </ScriptDescriptor>
  </ScriptDescriptors>
</DataModelInfo>