<?xml version="1.0" encoding="utf-8"?>
<AppTemplateInfo xmlns:xsd="http://www.w3.org/2001/XMLSchema" xmlns:xsi="http://www.w3.org/2001/XMLSchema-instance">
  <AppResourceInfo Name="JMeter" ImagePath="JMeter.png">
    <AppResources>
      <AppResource ModelName="Jmeter" Driver="Jmeter1">
        <Attributes>
          <Attribute Name="Execution Server Selector" Value="Commands" />
          <Attribute Name="Jmeter.Password" Value="wTVoTc901nFk51E0fqnA7BoGHLK3RR735dyvrtX7A4o=" />
          <Attribute Name="Jmeter.Public IP" Value="" />
          <Attribute Name="Jmeter.RDP_Port" Value="3389" />
          <Attribute Name="Jmeter.SSH_Port" Value="22" />
          <Attribute Name="Jmeter.Tests Location" Value="https://raw.githubusercontent.com/QualiSystemsLab/CloudShellTrial/master/JMeterTests/" />
          <Attribute Name="Jmeter.User" Value="Administrator" />
        </Attributes>
      </AppResource>
    </AppResources>
    <DeploymentPaths>
      <DeploymentPath Name="AWS us-east-1 - AWS EC2 Instance" Default="false">
        <DeploymentService Name="AWS EC2 Instance" CloudProvider="AWS us-east-1">
          <Attributes>
            <Attribute Name="AWS AMI Id" Value="ami-3588b023" />
            <Attribute Name="Instance Type" Value="t2.micro" />
            <Attribute Name="Storage Size" Value="0" />
            <Attribute Name="Storage IOPS" Value="0" />
            <Attribute Name="Storage Type" Value="auto" />
            <Attribute Name="Inbound Ports" Value="22;3389" />
            <Attribute Name="Wait for IP" Value="False" />
            <Attribute Name="Wait for Status Check" Value="True" />
            <Attribute Name="Autoload" Value="True" />
            <Attribute Name="Wait for Credentials" Value="False" />
            <Attribute Name="Root Volume Name" Value="" />
            <Attribute Name="Allow all Sandbox Traffic" Value="True" />
            <Attribute Name="Public IP Options" Value="Public IP (single subnet)" />
          </Attributes>
        </DeploymentService>
      </DeploymentPath>
    </DeploymentPaths>
  </AppResourceInfo>
  <Categories>
    <Category>Tools</Category>
    <Category>Tools</Category>
    <Category>Tools</Category>
    <Category>Tools</Category>
    <Category>Tools</Category>
    <Category>Tools</Category>
    <Category>Tools</Category>
    <Category>Tools</Category>
    <Category>Tools</Category>
    <Category>Tools</Category>
    <Category>Tools</Category>
    <Category>Tools</Category>
    <Category>Tools</Category>
    <Category>Tools</Category>
    <Category>Tools</Category>
    <Category>Tools</Category>
    <Category>Tools</Category>
    <Category>Tools</Category>
    <Category>Tools</Category>
    <Category>Tools</Category>
    <Category>Tools</Category>
    <Category>Tools</Category>
    <Category>Tools</Category>
    <Category>Tools</Category>
    <Category>Tools</Category>
    <Category>Tools</Category>
    <Category>Tools</Category>
    <Category>Tools</Category>
    <Category>Tools</Category>
    <Category>Tools</Category>
    <Category>Tools</Category>
    <Category>Tools</Category>
    <Category>Tools</Category>
    <Category>Tools</Category>
    <Category>Tools</Category>
    <Category>Tools</Category>
    <Category>Tools</Category>
    <Category>Tools</Category>
    <Category>Tools</Category>
    <Category>Tools</Category>
    <Category>Tools</Category>
    <Category>Tools</Category>
    <Category>Tools</Category>
    <Category>Tools</Category>
    <Category>Tools</Category>
    <Category>Tools</Category>
    <Category>Tools</Category>
    <Category>Tools</Category>
    <Category>Tools</Category>
    <Category>Tools</Category>
    <Category>Tools</Category>
    <Category>Tools</Category>
    <Category>Tools</Category>
    <Category>Tools</Category>
    <Category>Tools</Category>
    <Category>Tools</Category>
    <Category>Tools</Category>
    <Category>Tools</Category>
    <Category>Tools</Category>
    <Category>Tools</Category>
    <Category>Tools</Category>
    <Category>Tools</Category>
    <Category>Tools</Category>
    <Category>Tools</Category>
    <Category>Tools</Category>
    <Category>Tools</Category>
    <Category>Tools</Category>
    <Category>Tools</Category>
    <Category>Tools</Category>
    <Category>Tools</Category>
    <Category>Tools</Category>
    <Category>Tools</Category>
    <Category>Tools</Category>
    <Category>Tools</Category>
    <Category>Tools</Category>
    <Category>Tools</Category>
    <Category>Tools</Category>
    <Category>Tools</Category>
    <Category>Tools</Category>
    <Category>Tools</Category>
    <Category>Tools</Category>
    <Category>Tools</Category>
    <Category>Tools</Category>
    <Category>Tools</Category>
    <Category>Tools</Category>
    <Category>Tools</Category>
    <Category>Tools</Category>
    <Category>Tools</Category>
    <Category>Tools</Category>
    <Category>Tools</Category>
    <Category>Tools</Category>
    <Category>Tools</Category>
    <Category>Tools</Category>
    <Category>Tools</Category>
    <Category>Tools</Category>
    <Category>Tools</Category>
    <Category>Tools</Category>
  </Categories>
</AppTemplateInfo>