<?xml version="1.0" encoding="utf-8"?>
<TopologyInfo xmlns:xsd="http://www.w3.org/2001/XMLSchema" xmlns:xsi="http://www.w3.org/2001/XMLSchema-instance">
  <Details Name="CloudShell Trial" Alias="CloudShell Trial" Driver="Python Setup &amp; Teardown" SetupDuration="10" TeardownDuration="10" Public="true" ImageName="CloudShell Trial.png" DefaultDuration="20160" MaxDuration="20160">
    <Description>Reserve this blueprint to start a new trial</Description>
    <Categories />
    <Scripts>
      <Script Name="CloudShell Trial Setup" />
      <Script Name="Add Owner" />
      <Script Name="Reset_Domain" />
      <Script Name="Extend_Trial" />
      <Script Name="CloudShell Trial Teardown" />
    </Scripts>
    <Diagram Zoom="1.15" NodeSize="Medium" />
  </Details>
  <Services>
    <Service PositionX="0" PositionY="117" Alias="Admin-Google Analytics" ServiceName="Admin-Google Analytics">
      <Attributes>
        <Attribute Name="Google Analytics View ID" Value="ga:162080625" />
        <Attribute Name="Execution Server Selector" Value="Production" />
      </Attributes>
    </Service>
  </Services>
  <Apps />
  <Inputs>
    <GlobalInput Name="First Name" Description="Trial user - first name" Type="String" />
    <GlobalInput Name="Last Name" Description="Trial user - last name" Type="String" />
    <GlobalInput Name="email" Description="Trial user - email" Type="String" />
    <GlobalInput Name="Company Name" Description="Trial user - Company name" Type="String" />
    <GlobalInput Name="Phone number" Description="Trial user - phone number" Type="String" />
    <GlobalInput Name="Quali Owner" Description="Select Quali owner who will be responsible for supporting this trial" Type="Lookup">
      <PossibleValues>
        <Value>gary.w@quali.com</Value>
        <Value>gregory.s@quali.com</Value>
        <Value>jeremy.g@quali.com</Value>
        <Value>michael.n@quali.com</Value>
        <Value>sean.s@quali.com</Value>
        <Value>dan.amzulescu@quali.com</Value>
        <Value>leeor.v@quali.com</Value>
      </PossibleValues>
    </GlobalInput>
  </Inputs>
</TopologyInfo>