<?xml version="1.0" encoding="utf-8"?>
<CategoryList xmlns:xsd="http://www.w3.org/2001/XMLSchema" xmlns:xsi="http://www.w3.org/2001/XMLSchema-instance" xmlns="http://schemas.qualisystems.com/ResourceManagement/CategorySchema.xsd">
  <Category Name="Databases" Description="" Catalog="Service" ImagePath="Databases(5DXR8JF2).png">
    <ChildCategories />
  </Category>
  <Category Name="My App" Description="" Catalog="Service" ImagePath="My App(1F2IZII5).png">
    <ChildCategories />
  </Category>
  <Category Name="Cloud Services" Description="" Catalog="Service" ImagePath="Cloud Services(PY291AAQ).png">
    <ChildCategories />
  </Category>
</CategoryList>