<?xml version="1.0" encoding="utf-8"?>
<DataModelInfo xmlns:xsd="http://www.w3.org/2001/XMLSchema" xmlns:xsi="http://www.w3.org/2001/XMLSchema-instance" xmlns="http://schemas.qualisystems.com/ResourceManagement/DataModelSchema.xsd">
  <Attributes>
    <AttributeInfo Name="Execution Server Selector" Type="String" DefaultValue="" Description="This attribute points to a pre-define group of execution servers. Usually used for different sites or domains." IsReadOnly="false">
      <Rules>
        <Rule Name="Configuration" />
        <Rule Name="Setting" />
        <Rule Name="Execution Server Selector" />
      </Rules>
    </AttributeInfo>
    <AttributeInfo Name="Google Analytics View ID" Type="String" DefaultValue="" IsReadOnly="false">
      <Rules>
        <Rule Name="Configuration" />
        <Rule Name="Setting" />
      </Rules>
    </AttributeInfo>
  </Attributes>
  <ResourceFamilies>
    <ResourceFamily Name="Admin-Services" Description="" IsAdminOnly="true" IsService="true" ServiceType="Regular" AllowRemoteConnection="false">
      <AttachedAttributes>
        <AttachedAttribute Name="Execution Server Selector" IsOverridable="true" IsLocal="true" UserInput="true">
          <AllowedValues />
        </AttachedAttribute>
      </AttachedAttributes>
      <AttributeValues>
        <AttributeValue Name="Execution Server Selector" Value="Production" />
      </AttributeValues>
      <Models>
        <ResourceModel Name="Admin-Google Analytics" ImagePath="Admin-Google Analytics_Model.png" Description="" SupportsConcurrentCommands="false">
          <AttachedAttributes>
            <AttachedAttribute Name="Google Analytics View ID" IsOverridable="true" IsLocal="true" UserInput="true">
              <AllowedValues />
            </AttachedAttribute>
          </AttachedAttributes>
          <AttributeValues>
            <AttributeValue Name="Google Analytics View ID" Value="" />
            <AttributeValue Name="Execution Server Selector" Value="Production" />
          </AttributeValues>
          <ParentModels />
          <Drivers>
            <DriverName>GoogleAnalytics</DriverName>
          </Drivers>
          <Scripts />
        </ResourceModel>
      </Models>
      <Categories>
        <Category>Admin-Services</Category>
      </Categories>
    </ResourceFamily>
  </ResourceFamilies>
  <DriverDescriptors>
    <DriverDescriptor Name="GoogleAnalytics" Description="Google Analytics Service Driver" DriverType="PythonDriver" />
    <DriverDescriptor Name="Python Setup &amp; Teardown" Description="This driver is used for running Python scripts in the environment setup and teardown. To use this driver, make sure you select a suitable setup and/or teardown script." DriverType="TestShellDriver" />
  </DriverDescriptors>
  <ScriptDescriptors>
    <ScriptDescriptor Name="CloudShell Trial Setup" CategoryName="Hidden Commands" Version="1.0" Alias="Setup script">
      <ScriptInputs />
    </ScriptDescriptor>
    <ScriptDescriptor Name="Add Owner" Description="Add an owner to the  Trial" Version="1.0" Alias="Add Owner">
      <ScriptInputs>
        <ScriptInput Name="New_Owner" Description="The e-mail address of the new owner" />
      </ScriptInputs>
    </ScriptDescriptor>
    <ScriptDescriptor Name="Reset_Domain" Version="1.0" Alias="Reset Domain">
      <ScriptInputs />
    </ScriptDescriptor>
    <ScriptDescriptor Name="Extend_Trial" Version="1.0" Alias="Extend Trial">
      <ScriptInputs />
    </ScriptDescriptor>
    <ScriptDescriptor Name="CloudShell Trial Teardown" CategoryName="Hidden Commands" Version="1.0" Alias="Teardown script">
      <ScriptInputs />
    </ScriptDescriptor>
  </ScriptDescriptors>
</DataModelInfo>