<?xml version="1.0" encoding="utf-8"?>
<TopologyInfo xmlns:xsd="http://www.w3.org/2001/XMLSchema" xmlns:xsi="http://www.w3.org/2001/XMLSchema-instance">
  <Details Name="2 - My App - Integration" Alias="2 - My App - Integration" Driver="Python Setup &amp; Teardown" SetupDuration="10" TeardownDuration="10" Public="true" ImageName="2 - My App - Integration.png" DefaultDuration="120">
    <Description>Testing environment for a 2-tier deployment of My App on public cloud infrastructure</Description>
    <Instructions>&lt;iframe src="/Instructions/integration" style="border:0px #FFFFFF none;" name="myiFrame" scrolling="yes" marginheight="0px" marginwidth="0px" width="100%" height="100%" frameborder="1"&gt;&lt;/iframe&gt;</Instructions>
    <Categories />
    <Scripts>
      <Script Name="MyApp Integration Setup" />
      <Script Name="Default Sandbox Teardown 2.0" />
    </Scripts>
    <Diagram Zoom="1.05" NodeSize="Medium" />
  </Details>
  <Apps>
    <App PositionX="1024" PositionY="123.52380952380952" TemplateName="My App Web Server">
      <AppResourceInfo Name="My App Web Server" ImagePath="2 - My App - Integration_My App Web Server.png">
        <Description>The web server of our example application, a PHP based eCommerce platform</Description>
        <AppResources>
          <AppResource ModelName="My App Web Server" Driver="">
            <Attributes>
              <Attribute Name="Execution Server Selector" Value="Commands" />
              <Attribute Name="Management_Port" Value="8000/admin" />
              <Attribute Name="Password" Value="3M3u7nkDzxWb0aJ/IZYeWw==" />
              <Attribute Name="Public IP" Value="" />
              <Attribute Name="SSH_Port" Value="22" />
              <Attribute Name="User" Value="ubuntu" />
              <Attribute Name="WWW_Port" Value="8000" />
            </Attributes>
          </AppResource>
        </AppResources>
        <ConfigurationManagement>
          <CustomScript ConnectionMethod="SSH">
            <Repository Url="https://raw.githubusercontent.com/QualiSystemsLab/CloudShellTrial/master/ConfigurationScripts/MyApp/ChangeDatabaseHost.sh" />
            <Parameters>
              <Parameter Name="database_server_address" Value="127.0.0.1" />
              <Parameter Name="app_color" Value="ffffff" />
            </Parameters>
          </CustomScript>
        </ConfigurationManagement>
        <DeploymentPaths>
          <DeploymentPath Name="AWS us-east-1 - AWS EC2 Instance" Default="true">
            <DeploymentService Name="AWS EC2 Instance" CloudProvider="AWS us-east-1">
              <Attributes>
                <Attribute Name="AWS AMI Id" Value="ami-7e082468" />
                <Attribute Name="Instance Type" Value="t2.micro" />
                <Attribute Name="Storage Size" Value="0" />
                <Attribute Name="Storage IOPS" Value="0" />
                <Attribute Name="Storage Type" Value="auto" />
                <Attribute Name="Inbound Ports" Value="8000" />
                <Attribute Name="Wait for IP" Value="False" />
                <Attribute Name="Wait for Status Check" Value="True" />
                <Attribute Name="Autoload" Value="True" />
                <Attribute Name="Wait for Credentials" Value="True" />
                <Attribute Name="Root Volume Name" Value="" />
                <Attribute Name="Allow all Sandbox Traffic" Value="True" />
                <Attribute Name="Public IP Options" Value="Public IP (single subnet)" />
              </Attributes>
            </DeploymentService>
          </DeploymentPath>
        </DeploymentPaths>
      </AppResourceInfo>
    </App>
    <App PositionX="1024" PositionY="297.47619047619048" TemplateName="Selenium Hub">
      <AppResourceInfo Name="Selenium Hub" ImagePath="2 - My App - Integration_Selenium Hub.png">
        <Description>A testing tool for web applications, Selenium is built as a Grid with a controlling hub and testing nodes</Description>
        <AppResources>
          <AppResource ModelName="SeleniumHub" Driver="SeleniumHub1">
            <Attributes>
              <Attribute Name="SeleniumHub.Password" Value="3M3u7nkDzxWb0aJ/IZYeWw==" />
              <Attribute Name="SeleniumHub.Public IP" Value="" />
              <Attribute Name="SeleniumHub.SSH_Port" Value="22" />
              <Attribute Name="SeleniumHub.Tests Location" Value="https://raw.githubusercontent.com/QualiSystemsLab/CloudShellTrial/master/SeleniumTests/" />
              <Attribute Name="SeleniumHub.User" Value="ec2-user" />
              <Attribute Name="SeleniumHub.WWW_Port" Value="4444/grid/console" />
            </Attributes>
          </AppResource>
        </AppResources>
        <DeploymentPaths>
          <DeploymentPath Name="AWS us-east-1 - AWS EC2 Instance" Default="true">
            <DeploymentService Name="AWS EC2 Instance" CloudProvider="AWS us-east-1">
              <Attributes>
                <Attribute Name="AWS AMI Id" Value="ami-f5a1e5e3" />
                <Attribute Name="Instance Type" Value="t2.micro" />
                <Attribute Name="Storage Size" Value="0" />
                <Attribute Name="Storage IOPS" Value="0" />
                <Attribute Name="Storage Type" Value="auto" />
                <Attribute Name="Inbound Ports" Value="4444" />
                <Attribute Name="Wait for IP" Value="False" />
                <Attribute Name="Wait for Status Check" Value="True" />
                <Attribute Name="Autoload" Value="True" />
                <Attribute Name="Wait for Credentials" Value="True" />
                <Attribute Name="Root Volume Name" Value="" />
                <Attribute Name="Allow all Sandbox Traffic" Value="True" />
                <Attribute Name="Public IP Options" Value="Elastic IPs" />
              </Attributes>
            </DeploymentService>
          </DeploymentPath>
        </DeploymentPaths>
      </AppResourceInfo>
    </App>
    <App PositionX="852" PositionY="468" TemplateName="Selenium Node">
      <AppResourceInfo Name="Selenium Node" ImagePath="2 - My App - Integration_Selenium Node.png">
        <Description>A testing tool for web applications, Selenium is built as a Grid with a controlling hub and testing nodes</Description>
        <AppResources>
          <AppResource ModelName="Selenium Node" Driver="">
            <Attributes>
              <Attribute Name="Execution Server Selector" Value="" />
              <Attribute Name="Password" Value="wTVoTc901nFk51E0fqnA7BoGHLK3RR735dyvrtX7A4o=" />
              <Attribute Name="Public IP" Value="" />
              <Attribute Name="RDP_Port" Value="3389" />
              <Attribute Name="User" Value="administrator" />
              <Attribute Name="WWW_Port" Value="5555/wd/hub/static/resource/hub.html" />
            </Attributes>
          </AppResource>
        </AppResources>
        <ConfigurationManagement>
          <CustomScript ConnectionMethod="WinRM">
            <Repository Url="https://raw.githubusercontent.com/QualiSystemsLab/CloudShellTrial/master/ConfigurationScripts/Selenium/ChangeRegisteredHub.ps1" />
            <Parameters>
              <Parameter Name="hub_server_address" Value="localhost" />
            </Parameters>
          </CustomScript>
        </ConfigurationManagement>
        <DeploymentPaths>
          <DeploymentPath Name="AWS us-east-1 - AWS EC2 Instance" Default="true">
            <DeploymentService Name="AWS EC2 Instance" CloudProvider="AWS us-east-1">
              <Attributes>
                <Attribute Name="AWS AMI Id" Value="ami-d41539c2" />
                <Attribute Name="Instance Type" Value="t2.small" />
                <Attribute Name="Storage Size" Value="0" />
                <Attribute Name="Storage IOPS" Value="0" />
                <Attribute Name="Storage Type" Value="auto" />
                <Attribute Name="Inbound Ports" Value="5555" />
                <Attribute Name="Wait for IP" Value="False" />
                <Attribute Name="Wait for Status Check" Value="True" />
                <Attribute Name="Autoload" Value="True" />
                <Attribute Name="Wait for Credentials" Value="False" />
                <Attribute Name="Root Volume Name" Value="" />
                <Attribute Name="Allow all Sandbox Traffic" Value="True" />
                <Attribute Name="Public IP Options" Value="Public IP (single subnet)" />
              </Attributes>
            </DeploymentService>
          </DeploymentPath>
        </DeploymentPaths>
      </AppResourceInfo>
    </App>
    <App PositionX="1175" PositionY="468" TemplateName="Selenium Node">
      <AppResourceInfo Name="Selenium Node 2" ImagePath="2 - My App - Integration_Selenium Node 2.png">
        <Description>A testing tool for web applications, Selenium is built as a Grid with a controlling hub and testing nodes</Description>
        <AppResources>
          <AppResource ModelName="Selenium Node" Driver="">
            <Attributes>
              <Attribute Name="Execution Server Selector" Value="" />
              <Attribute Name="Password" Value="wTVoTc901nFk51E0fqnA7BoGHLK3RR735dyvrtX7A4o=" />
              <Attribute Name="Public IP" Value="" />
              <Attribute Name="RDP_Port" Value="3389" />
              <Attribute Name="User" Value="administrator" />
              <Attribute Name="WWW_Port" Value="5555/wd/hub/static/resource/hub.html" />
            </Attributes>
          </AppResource>
        </AppResources>
        <ConfigurationManagement>
          <CustomScript ConnectionMethod="WinRM">
            <Repository Url="https://raw.githubusercontent.com/QualiSystemsLab/CloudShellTrial/master/ConfigurationScripts/Selenium/ChangeRegisteredHub.ps1" />
            <Parameters>
              <Parameter Name="hub_server_address" Value="localhost" />
            </Parameters>
          </CustomScript>
        </ConfigurationManagement>
        <DeploymentPaths>
          <DeploymentPath Name="AWS us-east-1 - AWS EC2 Instance" Default="true">
            <DeploymentService Name="AWS EC2 Instance" CloudProvider="AWS us-east-1">
              <Attributes>
                <Attribute Name="AWS AMI Id" Value="ami-d41539c2" />
                <Attribute Name="Instance Type" Value="t2.small" />
                <Attribute Name="Storage Size" Value="0" />
                <Attribute Name="Storage IOPS" Value="0" />
                <Attribute Name="Storage Type" Value="auto" />
                <Attribute Name="Inbound Ports" Value="5555" />
                <Attribute Name="Wait for IP" Value="False" />
                <Attribute Name="Wait for Status Check" Value="True" />
                <Attribute Name="Autoload" Value="True" />
                <Attribute Name="Wait for Credentials" Value="False" />
                <Attribute Name="Root Volume Name" Value="" />
                <Attribute Name="Allow all Sandbox Traffic" Value="True" />
                <Attribute Name="Public IP Options" Value="Public IP (single subnet)" />
              </Attributes>
            </DeploymentService>
          </DeploymentPath>
        </DeploymentPaths>
      </AppResourceInfo>
    </App>
    <App PositionX="654" PositionY="123.52380952380952" TemplateName="MySQL DB">
      <AppResourceInfo Name="MySQL DB" ImagePath="2 - My App - Integration_MySQL DB.png">
        <Description>A MySQL database installed on Linux machine</Description>
        <AppResources>
          <AppResource ModelName="MySQL" Driver="">
            <Attributes>
              <Attribute Name="Execution Server Selector" Value="" />
              <Attribute Name="Password" Value="3M3u7nkDzxWb0aJ/IZYeWw==" />
              <Attribute Name="Public IP" Value="" />
              <Attribute Name="SSH_Port" Value="22" />
              <Attribute Name="User" Value="ubuntu" />
              <Attribute Name="WWW_Port" Value="80/phpmyadmin" />
            </Attributes>
          </AppResource>
        </AppResources>
        <DeploymentPaths>
          <DeploymentPath Name="AWS us-east-1 - AWS EC2 Instance" Default="true">
            <DeploymentService Name="AWS EC2 Instance" CloudProvider="AWS us-east-1">
              <Attributes>
                <Attribute Name="AWS AMI Id" Value="ami-7d1f336b" />
                <Attribute Name="Instance Type" Value="t2.micro" />
                <Attribute Name="Storage Size" Value="0" />
                <Attribute Name="Storage IOPS" Value="0" />
                <Attribute Name="Storage Type" Value="auto" />
                <Attribute Name="Inbound Ports" Value="80" />
                <Attribute Name="Wait for IP" Value="False" />
                <Attribute Name="Wait for Status Check" Value="True" />
                <Attribute Name="Autoload" Value="True" />
                <Attribute Name="Wait for Credentials" Value="True" />
                <Attribute Name="Root Volume Name" Value="" />
                <Attribute Name="Allow all Sandbox Traffic" Value="True" />
                <Attribute Name="Public IP Options" Value="Public IP (single subnet)" />
              </Attributes>
            </DeploymentService>
          </DeploymentPath>
        </DeploymentPaths>
      </AppResourceInfo>
    </App>
  </Apps>
  <Routes>
    <Connector Source="My App Web Server" Target="MySQL DB" Direction="Bi" SourceType="Service" TargetType="Service" />
    <Connector Source="Selenium Hub" Target="My App Web Server" Direction="Bi" SourceType="Service" TargetType="Service" />
    <Connector Source="Selenium Hub" Target="Selenium Node" Direction="Bi" SourceType="Service" TargetType="Service" />
    <Connector Source="Selenium Hub" Target="Selenium Node 2" Direction="Bi" SourceType="Service" TargetType="Service" />
  </Routes>
  <Inputs>
    <GlobalInput Name="Build Number" DefaultValue="1.0.0-beta.2" Type="Lookup">
      <PossibleValues>
        <Value>1.0.0-beta.2</Value>
      </PossibleValues>
    </GlobalInput>
  </Inputs>
</TopologyInfo>