<?xml version="1.0" encoding="utf-8"?>
<CategoryList xmlns:xsd="http://www.w3.org/2001/XMLSchema" xmlns:xsi="http://www.w3.org/2001/XMLSchema-instance" xmlns="http://schemas.qualisystems.com/ResourceManagement/CategorySchema.xsd">
  <Category Name="Databases" Description="" Catalog="Service" ImagePath="Databases(EMF4FYUH).png">
    <ChildCategories />
  </Category>
  <Category Name="My App" Description="" Catalog="Service" ImagePath="My App(LLJGWOTO).png">
    <ChildCategories />
  </Category>
  <Category Name="Tools" Description="" Catalog="Service" ImagePath="Tools(MGCF8OG8).png">
    <ChildCategories />
  </Category>
</CategoryList>